No. Elements,CPU brute force,CPU iterative,CPU recursive
10,0.002100,0.002200,0.002700
100,0.002700,0.002400,0.003000
1000,0.009200,0.002500,0.005700
10000,0.023000,0.000700,0.005400
100000,0.167700,0.000800,0.012100
1000000,1.636400,0.000900,0.176200
10000000,17.126600,0.001000,0.591200